[{"id":"62895704291992@s.whatsapp.net","name":"インドラ","age":"22","time":"cd7b99a22f992e09740f"},{"id":"6283878514447@s.whatsapp.net","name":"maroon ","age":"18","time":"64a1d8b5214dd53ca8cd"},{"id":"6283843535840@s.whatsapp.net","name":"ryan","age":"18","time":"44439d8f20269a6c7d3d"},{"id":"6281585621448@s.whatsapp.net","name":"NisaDurability","age":"13","time":"5c369135553b23ed1973"},{"id":"6288211308545@s.whatsapp.net","name":"Fadhil","age":"12","time":"c52ca28345e071d04b11"},{"id":"62882020177294@s.whatsapp.net","name":"Fadlan","age":"15","time":"f1715fbfb3392560ed6a"},{"id":"6283138613993@s.whatsapp.net","name":"xenz","age":"18","time":"7397735d508c09260759"},{"id":"6281356112775@s.whatsapp.net","name":"kyuu","age":"17","time":"ba82a7baadb5f5210060"},{"id":"6285607265790@s.whatsapp.net","name":"fauzan","age":"14","time":"dd6987e838f23026b73a"},{"id":"6285649994523@s.whatsapp.net","name":"F4R3L","age":"19","time":"fbe5150ddcfd349d290c"},{"id":"6285788256193@s.whatsapp.net","name":"danizz","age":"12","time":"0473923ad13a324d1a98"},{"id":"628567821686@s.whatsapp.net","name":"bagas","age":"17","time":"2093dafcffc4527a2fbb"},{"id":"6285876213526@s.whatsapp.net","name":"idaman","age":"23","time":"5c66e5e67f846bce6ee0"},{"id":"6288214847994@s.whatsapp.net","name":"cle","age":"35","time":"21648b37aa42a1a32878"},{"id":"6282111859381@s.whatsapp.net","name":"nurfiit","age":"19","time":"272c41eb64413f92f7af"},{"id":"62895399735900@s.whatsapp.net","name":"novia","age":"31","time":"79cc16efff945564481a"},{"id":"6288210178862@s.whatsapp.net","name":"beaby","age":"21","time":"f66c5a863cbc2357b7a3"},{"id":"6281387009870@s.whatsapp.net","name":"MariaIntan🧋","age":"13","time":"e8b3598b7896514b540c"},{"id":"6285291576318@s.whatsapp.net","name":"oktober","age":"27","time":"b8d213ab85d684e5f75b"},{"id":"6281358522402@s.whatsapp.net","name":"keiji","age":"19","time":"92d2672dcb239ac2f78c"},{"id":"6289623678071@s.whatsapp.net","name":"thiia","age":"30","time":"349f28e078dbbe489daa"},{"id":"6285646683158@s.whatsapp.net","name":"Pramuka DAG","age":"40","time":"d257705bb0e16da74d5c"},{"id":"6289517414290@s.whatsapp.net","name":"faradita","age":"23","time":"3d94773cd4b8983c56bd"},{"id":"6282333255481@s.whatsapp.net","name":"Inge","age":"40","time":"e0a61602bed2f0be8e6f"},{"id":"6281290317166@s.whatsapp.net","name":"zea","age":"22","time":"a9ec25c494cbe13d21db"},{"id":"6281233572012@s.whatsapp.net","name":"naren","age":"16","time":"6c4e35b317b48fed1089"},{"id":"6285691008141@s.whatsapp.net","name":"alby","age":"18","time":"f7898c095725c2ee6e97"},{"id":"6288212191522@s.whatsapp.net","name":"Lutfi","age":"19","time":"7df8721a6359f3f215f3"},{"id":"6283856603081@s.whatsapp.net","name":"sp?","age":"19","time":"7a46b9764420878aaaf4"},{"id":"6281584935207@s.whatsapp.net","name":"Zach","age":"19","time":"25c34cf3bb80ffeaf5c7"},{"id":"6282272567801@s.whatsapp.net","name":"lupa","age":"23","time":"c5936dac335aeb673db5"},{"id":"6281351979453@s.whatsapp.net","name":"Akbar","age":"18","time":"7630eb01a54982b6c22e"},{"id":"6281222730117@s.whatsapp.net","name":"ryu","age":"13","time":"954e1ca728a5982e2b24"},{"id":"6285173023864@s.whatsapp.net","name":"black","age":"12","time":"e6a21898e88a86371596"},{"id":"62881038296472@s.whatsapp.net","name":"Zane Star","age":"24","time":"2481118f322ff42d2a78"},{"id":"6285878290152@s.whatsapp.net","name":".","age":"12","time":"ef576b8a23697c45fb3c"},{"id":"6281219629018@s.whatsapp.net","name":"Ray","age":"24","time":"5ae1bf5b24f779cc04df"},{"id":"6283849013237@s.whatsapp.net","name":"Kurumi","age":"17","time":"6ac0e246f8bc51cb75e5"},{"id":"6282320397886@s.whatsapp.net","name":"ardy","age":"21","time":"1f6bdf736c4463930b9d"},{"id":"966595489476@s.whatsapp.net","name":"kina","age":"15","time":"6ae2f1453005ecef4ba4"},{"id":"6283895713185@s.whatsapp.net","name":"arzen","age":"15","time":"0a1e29dd41dc33a95d86"},{"id":"6289515891956@s.whatsapp.net","name":"hunk","age":"35","time":"5df71b44cd8f1d2bc59f"},{"id":"6289518060081@s.whatsapp.net","name":"RAKA ","age":" 13","time":"4c9d5ee4974c4ee81a7d"},{"id":"13054335869@s.whatsapp.net","name":"Wahab","age":"18","time":"598a5f755107baa56980"},{"id":"6281351062646@s.whatsapp.net","name":"kyuuuuu","age":"17","time":"1511e0c89a240d82a7fd"},{"id":"48729754593@s.whatsapp.net","name":"ikyy","age":"26","time":"7884b464606c797f9513"},{"id":"6285774560074@s.whatsapp.net","name":"Kurumi","age":"16","time":"6d4658268de5a430d259"},{"id":"6283190469667@s.whatsapp.net","name":"erga","age":"12","time":"19bf6794438ba6de6528"},{"id":"6288263919891@s.whatsapp.net","name":"sanaoa","age":"45","time":"2e24e26e47f7e9ffad5c"},{"id":"6289686044386@s.whatsapp.net","name":"kuntul","age":"29","time":"ce8993919dfca3d924a1"},{"id":"62838973878486@s.whatsapp.net","name":"Darwin","age":"19","time":"2c2f667b4eda7bbde41e"},{"id":"6283865524252@s.whatsapp.net","name":"Filho","age":"14","time":"8e26735e05a82dfa7d0a"},{"id":"6282123627616@s.whatsapp.net","name":"Tyo","age":"22","time":"0f65f3ec5b226ac449ff"},{"id":"6281254541711@s.whatsapp.net","name":"caletz","age":"23","time":"b8d760373afde118f15f"},{"id":"6287810173492@s.whatsapp.net","name":"rul","age":"45","time":"c166a302021fe17e5c9f"},{"id":"6285867559137@s.whatsapp.net","name":"Fir","age":"14","time":"4ad6a02b5ca6525c5a99"},{"id":"6287769515967@s.whatsapp.net","name":"Roti Jala Mak Lihah Biadap","age":"35","time":"3671da496b0d77f83616"},{"id":"447389663977@s.whatsapp.net","name":"kyuu","age":"17","time":"121e090ef9b200901686"},{"id":"6285321776138@s.whatsapp.net","name":"Zian","age":"12","time":"06398e210f16dbbcc454"},{"id":"6283871326352@s.whatsapp.net","name":"Zet","age":"30","time":"a6414003f372d8fef3ee"},{"id":"6283899409221@s.whatsapp.net","name":"Fanzz","age":"18","time":"88ead7f84b387a93616d"},{"id":"6285701066913@s.whatsapp.net","name":"putra","age":"18","time":"44f2f2508056e22d3ee3"},{"id":"6283838111039@s.whatsapp.net","name":"tata","age":"16","time":"86241ac41e29927306c0"},{"id":"6281283821202@s.whatsapp.net","name":"riski","age":"23","time":"528ffdbc14ca8777dda0"},{"id":"6282182367554@s.whatsapp.net","name":"Rio","age":"16","time":"a012746c1d9f633e3f5b"},{"id":"6285254219482@s.whatsapp.net","name":"jesi","age":"19","time":"a519af10a4041ac2ccb1"},{"id":"6282177800692@s.whatsapp.net","name":"daftar zahrotul","age":"14","time":"83ebf9d2636b77ce5b07"},{"id":"6285796743020@s.whatsapp.net","name":"Daftar zeine","age":"17","time":"ec05d9c514cfe5ba3524"},{"id":"6289520322802@s.whatsapp.net","name":"jongsuk","age":"15","time":"a9a4cd34e51a33299864"},{"id":"62895385279222@s.whatsapp.net","name":"mar","age":"17","time":"43192f0cd11834bbd5dd"},{"id":"601126103250@s.whatsapp.net","name":"adam","age":"13","time":"77de55737698e96480ec"},{"id":"6287735299657@s.whatsapp.net","name":"Agus","age":"50","time":"c0eb96c70bc399abcd00"},{"id":"6285771666478@s.whatsapp.net","name":"Arya","age":"15","time":"b938eb8503a0ab4ff5bd"},{"id":"6281772367127@s.whatsapp.net","name":"faris","age":"15","time":"ecef98738b164c34a0c6"},{"id":"6289629968746@s.whatsapp.net","name":"el","age":"20","time":"7f160850b05ba8f1658e"},{"id":"6285795847235@s.whatsapp.net","name":"iki","age":"16","time":"4841a167f15f9e6e50c3"},{"id":"628973810852@s.whatsapp.net","name":"satrya","age":"14","time":"b2f55bf3a15047d0d656"},{"id":"6282153439760@s.whatsapp.net","name":"ripki","age":"19","time":"c3b9af9f72678d98249e"},{"id":"6285708815460@s.whatsapp.net","name":"cika","age":"15","time":"b32b6d5104477df2a36b"},{"id":"6285747968712@s.whatsapp.net","name":"chyaa","age":"16","time":"30007319939dbe21fee8"},{"id":"6288238156183@s.whatsapp.net","name":"MiffTzy","age":"14","time":"cfda8abdb1ac51ea456f"},{"id":"6283869367241@s.whatsapp.net","name":"agung","age":"16","time":"2e3997847d83ea7bfb6d"},{"id":"6282267056817@s.whatsapp.net","name":"Fathin","age":" 16","time":"913baf8af12b4e82164c"},{"id":"6287814639136@s.whatsapp.net","name":"devin","age":"17","time":"7238882402da4c0fd35b"},{"id":"6283870462569@s.whatsapp.net","name":"Vinn","age":"15","time":"218f8932532d92c1618e"},{"id":"6281351692548@s.whatsapp.net","name":"kyuu","age":"17","time":"1ba0699c46594ca6eb25"},{"id":"6289676259665@s.whatsapp.net","name":"nama","age":"15","time":"0fadb9f14e5973044db7"},{"id":"62858174937810@s.whatsapp.net","name":"rayhan","age":"16","time":"d4d960ea149a85e03dfe"},{"id":"6285156757928@s.whatsapp.net","name":"aiden","age":"19","time":"9119f014f0dd8da200f7"},{"id":"6283876892331@s.whatsapp.net","name":"daus","age":"14","time":"8613d079a6ce7c7739fc"},{"id":"6287812483476@s.whatsapp.net","name":"khia","age":"23","time":"b2efd1372aca58ca6386"},{"id":"6283832242065@s.whatsapp.net","name":"KyzmkyzTempest","age":"17","time":"7de04c418f36a230fa7b"},{"id":"62877800943993@s.whatsapp.net","name":"sattya","age":"16","time":"da4f9da6fa42cb9c5904"},{"id":"6281225122825@s.whatsapp.net","name":"喜美子","age":"17","time":"d21999aa842a9418e3a8"},{"id":"12602320506@s.whatsapp.net","name":"hygo","age":"17","time":"50975a493b7a9b875ce2"},{"id":"6288989721627@s.whatsapp.net","name":"Manz","age":"15","time":"73a786609defa7243ca4"},{"id":"6283126097865@s.whatsapp.net","name":"zura","age":"15","time":"75498822a7b65a6d0b60"},{"id":"62858760591353@s.whatsapp.net","name":"hyuu","age":"18","time":"2801be6be30c53aee10a"},{"id":"6285789625415@s.whatsapp.net","name":"kyy","age":"20","time":"1d86369eae9f53a95aad"},{"id":"6288268142831@s.whatsapp.net","name":"kyu","age":"28","time":"2a90b798dad2c08c4719"},{"id":"6288297877862@s.whatsapp.net","name":"faris","age":"18","time":"c684a8c488b31909d68f"},{"id":"6283194561177@s.whatsapp.net","name":"Faris kw","age":"15","time":"0d2e22ae6a01db06c71e"}]