[
{
		"name": "Nabi Harun AS",
		"thn_kelahiran": "1531",
		"usia": 123,
		"description": "Nabi Harun adalah saudara Musa dan partner (pasangan) dakwahnya dalam mengajak Firaun beriman kepada Allah, karena kefasihan dan kepandaiannya berbicara.\n\n Musa mewakilkan urusan kaumnya kepada Harun ketika ia pergi menemui Allah di bukit Thur.\n\n Namun Samiri menyebarkan fitnah mengajak Bani Israel menyembah patung anak sapi yang terbuat dari emas.\n\n Nabi Harun mengajak mereka kembali menyembah Allah, tetapi mereka semakin menunjukkan kesombongan.\n\n Ketika Nabi Musa kembali dan menyaksikan apa yang dilakukan kaumnya, dia memarahi saudaranya, Harun.\n\n Kisah Nabi Harun dapat dibaca pada kisah Nabi Musa ",
		"tmp": "Sinai di Mesir",
		"image_url":"http://4.bp.blogspot.com/-YMx-cSnBHBs/Vn3XsAoDJHI/AAAAAAAABuw/WiRXIl4XwV0/s320/harun.png",
		"icon_url":""
}
]